Diagnostics/NewCompletedTrajs,Diagnostics/StepsInTrajWindow,Diagnostics/Iteration,Diagnostics/CumTime (s),Diagnostics/CumSteps,Diagnostics/CumCompletedTrajs,Diagnostics/CumUpdates,Diagnostics/StepsPerSecond,Diagnostics/UpdatesPerSecond,Diagnostics/ReplayRatio,Diagnostics/CumReplayRatio,Length/Average,Length/Std,Length/Median,Length/Min,Length/Max,EpExtrinsicReward/Average,EpExtrinsicReward/Std,EpExtrinsicReward/Median,EpExtrinsicReward/Min,EpExtrinsicReward/Max,EpNonzeroExtrinsicRewards/Average,EpNonzeroExtrinsicRewards/Std,EpNonzeroExtrinsicRewards/Median,EpNonzeroExtrinsicRewards/Min,EpNonzeroExtrinsicRewards/Max,EpDiscountedExtrinsicReward/Average,EpDiscountedExtrinsicReward/Std,EpDiscountedExtrinsicReward/Median,EpDiscountedExtrinsicReward/Min,EpDiscountedExtrinsicReward/Max,EpAveExtrinsicReward/Average,EpAveExtrinsicReward/Std,EpAveExtrinsicReward/Median,EpAveExtrinsicReward/Min,EpAveExtrinsicReward/Max,GameScore/Average,GameScore/Std,GameScore/Median,GameScore/Min,GameScore/Max,return_/Average,return_/Std,return_/Median,return_/Min,return_/Max,intrinsic_rewards/Average,intrinsic_rewards/Std,intrinsic_rewards/Median,intrinsic_rewards/Min,intrinsic_rewards/Max,valpred/Average,valpred/Std,valpred/Median,valpred/Min,valpred/Max,advantage/Average,advantage/Std,advantage/Median,advantage/Min,advantage/Max,loss/Average,loss/Std,loss/Median,loss/Min,loss/Max,pi_loss/Average,pi_loss/Std,pi_loss/Median,pi_loss/Min,pi_loss/Max,value_loss/Average,value_loss/Std,value_loss/Median,value_loss/Min,value_loss/Max,entropy_loss/Average,entropy_loss/Std,entropy_loss/Median,entropy_loss/Min,entropy_loss/Max,inv_loss/Average,inv_loss/Std,inv_loss/Median,inv_loss/Min,inv_loss/Max,forward_loss/Average,forward_loss/Std,forward_loss/Median,forward_loss/Min,forward_loss/Max,reward_total_std/Average,reward_total_std/Std,reward_total_std/Median,reward_total_std/Min,reward_total_std/Max,curiosity_loss/Average,curiosity_loss/Std,curiosity_loss/Median,curiosity_loss/Min,curiosity_loss/Max,gradNorm/Average,gradNorm/Std,gradNorm/Median,gradNorm/Min,gradNorm/Max,entropy/Average,entropy/Std,entropy/Median,entropy/Min,entropy/Max,perplexity/Average,perplexity/Std,perplexity/Median,perplexity/Min,perplexity/Max
44,6793,124,143.53832340240479,10000,44,375,69.66780552372303,2.612542707139614,3.0,3.0,154.38636363636363,24.57476154428925,153.5,121,204,0.8636363636363636,0.6938335237488067,1.0,0.0,2.0,0.8636363636363636,0.6938335237488067,1.0,0,2,0.35118795946512066,0.3041242424898129,0.33782263583426575,0.0,1.0231895585265793,0.0050478973,0.003755716,0.0063092113,0.0,0.011111111,0.8636363636363636,0.6938335237488067,1.0,0.0,2.0,4.831129616737366,10.32721642066255,2.8853302001953125,0.3078983426094055,108.45121002197266,0.31596497,1.3640792,0.08920528,0.040693883,14.007483,3.6087190793156623,1.5108071439998254,3.2258670330047607,0.048202432692050934,8.26452350616455,1.2224104875922204,10.459039939272584,-0.2922620177268982,-2.003772497177124,108.40299987792969,73.00992552653949,610.3264929690525,2.7750117778778076,0.3023952841758728,6882.53369140625,-1.1113518390872825,10.870761548198914,0.45192602276802063,-108.7294921875,3.5817508697509766,73.33860875795285,620.319415702651,1.605526328086853,0.03386048227548599,6986.59130859375,-0.0010000679693184793,0.00020266002367300454,-0.0010377508588135242,-0.0013604629784822464,-0.0006173617439344525,0.7140679295857747,0.20149805276218438,0.6850821375846863,0.2682741582393646,1.6406837701797485,0.06960114218356708,0.26618879846913596,0.019139256328344345,0.003856747644022107,2.801496982574463,nan,nan,nan,nan,nan,nan,nan,nan,nan,nan,57.38923,269.61792,12.362814,0.892859,3224.226,1.000067922751109,0.20266001585473636,1.0377508401870728,0.6173617243766785,1.3604629039764404,2.775854309399923,0.544710040496477,2.8256630897521973,1.8585870265960693,3.898096799850464
37,14558,249,291.7756552696228,20000,81,750,67.45939011474782,2.5297271293030437,3.0,3.0,179.7283950617284,48.59304739825302,163.0,121,327,1.3580246913580247,1.1255576612386649,1.0,0.0,5.0,1.3580246913580247,1.1255576612386649,1.0,0,5,0.4836785804365084,0.3775556867898322,0.44752321376381066,0.0,1.4967768008244198,0.006590298,0.0042682695,0.0064935065,0.0,0.017006803,1.3950617283950617,1.2831193890515316,1.0,0.0,8.0,2.8976159558296204,1.0122807346689486,2.9672634601593018,0.6208306550979614,5.495405673980713,0.106034726,0.04036867,0.103303336,0.03514279,0.2141263,2.8661536378860473,0.6815841812428161,2.8669629096984863,1.1383472681045532,4.154768943786621,0.03146232040412724,0.506573092695447,0.0008661561878398061,-1.171544075012207,1.5131548643112183,1.6587566090921562,1.1847516478466895,1.2022572755813599,-0.09225299209356308,6.1004252433776855,0.06579025039984844,0.6881873123062472,0.020931808277964592,-1.5131547451019287,2.3390636444091797,1.0724317154884337,0.6854249359283096,0.9753172993659973,0.006475354544818401,3.305798292160034,-0.001125146387455364,4.771561124023043e-05,-0.0011372814187780023,-0.0012032181257382035,-0.000931349175516516,0.49823286616802215,0.19543258668591132,0.4688027501106262,0.15021374821662903,1.1158711910247803,0.023426922981937725,0.009439118490030561,0.024173099547624588,0.006453841924667358,0.04296917840838432,nan,nan,nan,nan,nan,nan,nan,nan,nan,nan,10.590156,8.772258,7.9460187,1.4390696,85.66869,1.1251463381449383,0.0477156092573963,1.1372814178466797,0.9313491582870483,1.2032181024551392,3.090132428487142,0.14160519598179028,3.126206874847412,2.545938730239868,3.331690788269043
37,19419,374,435.0497317314148,30000,118,1125,69.79629704796442,2.6173611392986653,3.0,3.0,194.19,53.64078578842782,186.0,121,354,1.63,1.2381841543163117,1.0,0.0,5.0,1.63,1.2381841543163117,1.0,0,5,0.5353052614122823,0.39098778265699813,0.4700233107643944,0.0,1.4967768008244198,0.007360064,0.0044161743,0.006666963,0.0,0.017006803,1.66,1.3507035203922435,1.0,0.0,8.0,2.661299023628235,0.8674112664450604,2.6501715183258057,0.37075114250183105,4.741518974304199,0.098064914,0.03519159,0.094722204,0.026668817,0.21010645,2.681333683013916,0.6137218541641023,2.686387538909912,0.8213032484054565,3.9169387817382812,-0.020034647464752198,0.3901661216622296,0.028156641870737076,-0.8491142392158508,0.9680454134941101,1.4076156831185023,1.0209955704905709,1.1463943719863892,-0.16887901723384857,3.984072685241699,0.1210131630152464,0.5747774944249717,-0.007183163892477751,-1.0356059074401855,1.691483736038208,0.9078747789313396,0.6421909999797472,0.736617386341095,0.009867845103144646,3.063018798828125,-0.0010907714855857193,6.741981206879058e-05,-0.0011103968136012554,-0.001169081311672926,-0.000887499307282269,0.35955832185347875,0.18620292259656104,0.314922958612442,0.0999557226896286,1.0697561502456665,0.020260186747958264,0.009880565621219731,0.018963098526000977,0.004319084342569113,0.05638912320137024,nan,nan,nan,nan,nan,nan,nan,nan,nan,nan,8.22022,6.116323,6.160823,1.0552213,31.935497,1.0907714365323384,0.06741980856247275,1.1103967428207397,0.8874992728233337,1.169081211090088,2.989559732437134,0.19165479747624742,3.0467162132263184,2.4290478229522705,3.2190632820129395
35,21375,499,587.5076808929443,40000,153,1500,65.5918570005489,2.4596946375205837,3.0,3.0,213.75,58.99531761080705,208.5,123,429,1.85,1.344432965974875,2.0,0.0,6.0,1.85,1.344432965974875,2.0,0,6,0.5532547340340789,0.4069299164173103,0.5072740127861145,0.0,1.5169556917459954,0.0076346584,0.00446488,0.008888889,0.0,0.01510574,1.85,1.344432965974875,2.0,0.0,6.0,1.656105580687523,0.5485270129988523,1.7082786560058594,0.182181715965271,3.10249662399292,0.06681571,0.020504398,0.06465995,0.02079093,0.1500185,1.6227507591247559,0.4142875182451644,1.6461015939712524,0.5871712565422058,2.6298935413360596,0.03335478962678462,0.2682888064748029,0.023421507328748703,-0.8219590187072754,0.6304305791854858,0.783537231301268,0.6748767992907371,0.7161858081817627,-0.07804492115974426,3.971798896789551,0.02579704303270167,0.38789215359880286,4.228451507515274e-05,-0.6338070034980774,1.6818432807922363,0.3343280091881752,0.2515202615238295,0.281657874584198,0.017347481101751328,1.4892908334732056,-0.0011422921816507975,6.306017818354558e-05,-0.0011568402405828238,-0.0012548009399324656,-0.0010104227112606168,0.4116824361185233,0.21612742710880728,0.3368765413761139,0.04853934049606323,1.009438395500183,0.01287203192897141,0.004982428816307854,0.012263529933989048,0.001573490328155458,0.03516852855682373,nan,nan,nan,nan,nan,nan,nan,nan,nan,nan,5.0834904,4.3275695,3.9015613,0.7679496,27.742249,1.1422921257019043,0.06306017419529908,1.156840205192566,1.010422706604004,1.2548009157180786,3.1437665831247967,0.19596424624259687,3.1853420734405518,2.7471680641174316,3.5086448192596436
41,21182,624,733.1355197429657,50000,194,1875,68.66818926221079,2.5750570973329046,3.0,3.0,211.82,56.825589306227165,207.5,127,429,1.75,1.291317157014496,2.0,0.0,6.0,1.75,1.291317157014496,2.0,0,6,0.5357686725168537,0.39781329441122976,0.4574663726195752,0.0,1.5205329895934876,0.00735214,0.004265299,0.008298898,0.0,0.01510574,1.75,1.291317157014496,2.0,0.0,6.0,1.151553297162056,0.45687266076771976,1.1376798152923584,0.18628764152526855,2.499601125717163,0.049145807,0.023434943,0.046035457,0.009488764,0.12153137,1.164880330324173,0.3640167703164579,1.1835927963256836,0.3065038323402405,2.0375118255615234,-0.013327075903303922,0.1784208018325158,-0.02521444484591484,-0.44993478059768677,0.49242252111434937,0.7055114619061351,0.4116694043329605,0.6755202412605286,-0.048239126801490784,2.1351613998413086,0.07644872545233618,0.26103929731589837,0.05988774076104164,-0.4928954243659973,1.0729444026947021,0.17711842871891956,0.11368323507201478,0.15859945118427277,0.002822463633492589,0.6555137634277344,-0.0011517403138180573,5.648097458305073e-05,-0.0011657348368316889,-0.0012391970958560705,-0.0010083385277539492,0.44494119302431745,0.21227876341384824,0.3927202522754669,0.13049757480621338,1.0122441053390503,0.008154853724874556,0.003895562702760919,0.007575802505016327,0.0012318906374275684,0.026599446311593056,nan,nan,nan,nan,nan,nan,nan,nan,nan,nan,3.4575675,2.1301932,2.9943197,0.7350537,14.46291,1.1517402601242066,0.05648097044935148,1.1657347679138184,1.008338451385498,1.239197015762329,3.1697272809346515,0.17497128397588874,3.2087314128875732,2.741115093231201,3.453030824661255
36,21306,749,873.2219717502594,60000,230,2250,71.38449048220126,2.676918393082547,3.0,3.0,213.06,57.371564385155125,202.0,124,429,1.6,1.2884098726725128,1.0,0.0,6.0,1.6,1.2884098726725128,1.0,0,6,0.48674076480738143,0.3988655328499018,0.3994200880085831,0.0,1.5205329895934876,0.0065983986,0.0041824435,0.006098468,0.0,0.015060241,1.63,1.3975335416368366,1.0,0.0,8.0,1.0572406668663026,0.32042411903793516,1.0373740196228027,0.2743421196937561,1.990698218345642,0.048284337,0.012426413,0.047150336,0.020498449,0.08905937,1.0168221683502197,0.23028795409031433,1.0180838108062744,0.4036244750022888,1.5692288875579834,0.0404184805136174,0.1627934942386573,0.030723918229341507,-0.29587242007255554,0.5189464688301086,0.4106360919525226,0.27341309012784243,0.3609856963157654,-0.031736843287944794,1.2247288227081299,-0.013994476168726882,0.21178152597198152,-0.0245563592761755,-0.5203900933265686,0.6816145777702332,0.12273811499526104,0.06882449396014839,0.11051879078149796,0.011691403575241566,0.3959830105304718,-0.0011283682969709238,3.4240169191905655e-05,-0.0011270875111222267,-0.00120574573520571,-0.0010502870427444577,0.2943977950513363,0.13247924633029667,0.26723262667655945,0.04822566360235214,0.730259120464325,0.008623026927933097,0.002673676954815515,0.00832867156714201,0.0038882659282535315,0.01699412427842617,nan,nan,nan,nan,nan,nan,nan,nan,nan,nan,2.7077162,1.6621546,2.1440713,0.608178,9.948951,1.1283682435353597,0.034240168553976325,1.1270874738693237,1.0502870082855225,1.2057456970214844,3.093490010579427,0.10571467677217096,3.0878872871398926,2.8646037578582764,3.339707374572754
41,19739,874,1008.1272943019867,70000,271,2625,74.12605974953775,2.7797272406076656,3.0,3.0,197.39,50.6842963845805,184.5,124,383,1.42,1.184736257569591,1.0,0.0,5.0,1.42,1.184736257569591,1.0,0,5,0.4729225734452531,0.39514317407819616,0.3946944173899152,0.0,1.5205329895934876,0.0063027292,0.004235443,0.005899756,0.0,0.015060241,1.45,1.306713434537198,1.0,0.0,8.0,0.8888031477928162,0.31060412065960286,0.8703199625015259,0.13087639212608337,1.5067261457443237,0.04124758,0.012024725,0.039993547,0.019370679,0.08014556,0.8870647101402283,0.26048815947772747,0.9109262228012085,0.28365516662597656,1.506818413734436,0.0017384235436329618,0.1390311365100177,-9.215697355102748e-05,-0.4438289999961853,0.3200421631336212,0.5215614500430723,0.3413035069841352,0.46419695019721985,-0.11557238548994064,1.9087773561477661,0.0351497416057003,0.20284090226878443,0.021401869133114815,-0.3625723123550415,0.839153528213501,0.11870345262189706,0.07621131443777852,0.11067739129066467,0.00697295181453228,0.403408944606781,-0.001135322707394759,5.0462895608534125e-05,-0.0011438684305176139,-0.0012106294743716717,-0.0010228266473859549,0.36135870407025017,0.18119326914179626,0.3364923894405365,0.0713728815317154,0.8479699492454529,0.007484875895082951,0.0025571638267282877,0.0071707675233483315,0.0023372911382466555,0.016478126868605614,nan,nan,nan,nan,nan,nan,nan,nan,nan,nan,2.756575,1.8499018,2.3398385,0.6835929,13.633243,1.1353226512273153,0.050462894457771634,1.143868327140808,1.0228265523910522,1.2106294631958008,3.1222716541290283,0.15551200464547527,3.1445460319519043,2.7840416431427,3.3556883335113525
35,20756,999,1137.9362125396729,80000,306,3000,77.03630949061247,2.8888616058979677,3.0,3.0,207.56,59.02733604017718,193.5,129,388,1.7,1.4177446878757824,1.0,0.0,6.0,1.7,1.4177446878757824,1.0,0,6,0.5548783458637463,0.4268808144624792,0.4861135913127985,0.0,1.4708123842261538,0.0071095405,0.004604796,0.0063301283,0.0,0.016129032,1.73,1.5156186855538565,1.0,0.0,8.0,1.1122657417058945,0.3590528140876582,1.096118688583374,0.1485278606414795,1.863451361656189,0.03664724,0.0095348535,0.03532683,0.011149744,0.076340966,1.1151567556858062,0.2607824178497444,1.0871219635009766,0.2950652539730072,1.6441255807876587,-0.0028910209545865654,0.1528540863785055,-0.007240660488605499,-0.4073602557182312,0.4577573239803314,0.5512359196543694,0.3766262710859701,0.49253204464912415,-0.15216685831546783,2.126643657684326,0.05449090563319624,0.2353360118188066,0.031908370554447174,-0.4577573835849762,1.0697213411331177,0.14546040265075863,0.09903580034079039,0.13119089603424072,0.002166912890970707,0.6114259958267212,-0.0010870605834449331,6.919111899246616e-05,-0.0011109830811619759,-0.0011838235659524798,-0.0008810438448563218,0.34617255736887453,0.18619736014834765,0.30179867148399353,0.025684017688035965,0.8994296193122864,0.006199112862348557,0.0024520146706378675,0.006096270866692066,0.0011567812180146575,0.023989057168364525,nan,nan,nan,nan,nan,nan,nan,nan,nan,nan,3.460974,3.0222588,2.680917,0.710479,34.430874,1.087060529867808,0.06919111378722732,1.1109830141067505,0.8810437917709351,1.1838234663009644,2.97869251759847,0.19712040163342387,3.042327880859375,2.418163537979126,3.2669448852539062
38,20733,1124,1282.6218926906586,90000,344,3375,69.11534016057823,2.591825256021684,3.0,3.0,207.33,55.081585852261014,199.0,129,388,1.76,1.3792751719653333,1.0,0.0,6.0,1.76,1.3792751719653333,1.0,0,6,0.5981540016290272,0.4148118424508684,0.5482560548927313,0.0,1.5986699379758575,0.00747585,0.004413169,0.006557448,0.0,0.016129032,1.76,1.3792751719653333,1.0,0.0,6.0,0.8069850533008576,0.26644689463021437,0.8012384176254272,0.3370630145072937,1.471720814704895,0.04097215,0.013170687,0.03926595,0.015799427,0.111135736,0.7858856859207153,0.1870749665424709,0.7801841497421265,0.40320196747779846,1.2166842222213745,0.02109938831347972,0.13129694856474497,0.009659094735980034,-0.28803038597106934,0.3639172613620758,0.3549098301678896,0.23602830163810543,0.3259144127368927,-0.10977303236722946,0.9946765303611755,0.015144754995281498,0.17745832829297692,0.008912601508200169,-0.364440381526947,0.4326442778110504,0.08188676997646689,0.04430448568267146,0.07463341951370239,0.004918280988931656,0.2192171961069107,-0.0010684861548555394,5.448082861483938e-05,-0.0010568569414317608,-0.0011528346221894026,-0.0009572927374392748,0.2526107114354769,0.1274947740890515,0.21555863320827484,0.04590292647480965,0.6677567362785339,0.006336079449703296,0.0017997863113184535,0.006174576003104448,0.0027396492660045624,0.010425594635307789,nan,nan,nan,nan,nan,nan,nan,nan,nan,nan,2.5951211,1.6240174,2.0730395,0.6363007,8.955651,1.0684861051241556,0.054480827320773556,1.0568568706512451,0.9572926759719849,1.1528345346450806,2.9189763202667236,0.15859718758207256,2.880201578140259,2.6085755825042725,3.167158365249634
38,20575,1249,1438.935438632965,100000,382,3750,63.97398216333012,2.3990243311248793,3.0,3.0,205.75,52.376402129203186,199.0,123,372,1.81,1.3091600360536522,1.5,0.0,6.0,1.81,1.3091600360536522,1.5,0,6,0.606380097517106,0.3758857733812466,0.6128724351273602,0.0,1.5986699379758575,0.007859912,0.004208262,0.0075223716,0.0,0.016129032,1.81,1.3091600360536522,1.5,0.0,6.0,0.857200198173523,0.2711957284299575,0.8458043932914734,0.2595331072807312,1.4299633502960205,0.047580965,0.017343389,0.045811355,0.016136825,0.11598661,0.8118529105186463,0.21142564710385472,0.8010804057121277,0.3930202126502991,1.2695575952529907,0.04534728585742414,0.13012916836663105,0.03391142934560776,-0.2795148491859436,0.40720629692077637,0.4250036070495844,0.2834374863003375,0.41300737857818604,-0.17570053040981293,1.350568413734436,-0.004248368822814276,0.20286805147971024,0.0011476055951789021,-0.5112555623054504,0.7455536127090454,0.09990307416021824,0.06618205850252266,0.08073924481868744,0.0038589774630963802,0.3244871199131012,-0.0010611473402629295,7.167056200603501e-05,-0.001083456794731319,-0.0011640534503385425,-0.0008609409560449421,0.3239117029905319,0.17654054802372934,0.2849917411804199,0.043561164289712906,0.8190879821777344,0.006498346218839288,0.0021762601261127346,0.006432742811739445,0.0011856373166665435,0.01609429530799389,nan,nan,nan,nan,nan,nan,nan,nan,nan,nan,2.6751866,1.9217505,2.0885663,0.38195935,11.1221695,1.0611472883224486,0.07167055856566719,1.0834567546844482,0.8609409332275391,1.1640534400939941,2.906038697560628,0.1989724875477843,2.9605495929718018,2.370682954788208,3.2030344009399414
42,19059,1374,1854.2221355438232,110000,424,4125,24.079750385422322,0.9029906394533371,3.0,3.0,190.59,48.61935725613822,186.0,123,339,1.5,1.1704699910719625,1.0,0.0,5.0,1.5,1.1704699910719625,1.0,0,5,0.5022440005855757,0.3575836984479387,0.5024122029248861,0.0,1.4194712391151312,0.006912944,0.0043159164,0.00634927,0.0,0.015197569,1.5,1.1704699910719625,1.0,0.0,5.0,0.7211390182971954,0.2907369390879621,0.728402853012085,0.10608243942260742,1.3362014293670654,0.04388489,0.015245083,0.04288571,0.013850154,0.07727424,0.700460722208023,0.22252675395292068,0.7001600861549377,0.18786898255348206,1.1871411800384521,0.020678280842024832,0.12628105130310294,0.021621372550725937,-0.32844069600105286,0.4570169448852539,0.4418321538815896,0.35714752897044283,0.3546304404735565,-0.11995220929384232,1.711039423942566,0.05156920150015503,0.24455711603574734,0.01052107010036707,-0.5761237144470215,0.8280598521232605,0.08670580200602611,0.07440470138039795,0.06596250087022781,0.004462915472686291,0.351292222738266,-0.0009621001260044674,7.506007115131897e-05,-0.0009727441938593984,-0.0010684503940865397,-0.0007956944755278528,0.2987046853577097,0.1578620176792392,0.26530301570892334,0.012590738944709301,0.7270316481590271,0.005814564981808265,0.0021597749621398337,0.005518771708011627,0.0019136004848405719,0.012330603785812855,nan,nan,nan,nan,nan,nan,nan,nan,nan,nan,2.854298,2.5274704,1.8749532,0.3618458,12.099617,0.9621000814437867,0.07506006866492043,0.9727441668510437,0.7956944108009338,1.0684503316879272,2.6295294869740804,0.19349426756487445,2.6470606327056885,2.216939687728882,2.9171791076660156
37,19490,1499,2000.8883106708527,120000,461,4500,68.18204668758065,2.5568267507842743,3.0,3.0,194.9,50.11676366247126,189.5,123,339,1.64,1.170640850132952,2.0,0.0,5.0,1.64,1.170640850132952,2.0,0,5,0.5445558252362827,0.3465458689102392,0.5660558031444076,0.0,1.3651904713716294,0.0074737724,0.00418275,0.00879227,0.0,0.015197569,1.64,1.170640850132952,2.0,0.0,5.0,0.7985453343391419,0.23290334362385587,0.8206292390823364,0.27911633253097534,1.3322677612304688,0.03728179,0.013283887,0.035176463,0.01494501,0.09331978,0.7779096884727478,0.1676706983425824,0.8111063838005066,0.4316715598106384,1.1584970951080322,0.02063562579266727,0.11991482797972265,0.006193389650434256,-0.27702659368515015,0.364997923374176,0.3749991826973855,0.2697903454127808,0.3454166650772095,-0.11971407383680344,1.287988543510437,0.011609880863068004,0.16819519062548954,0.006015085149556398,-0.3650335371494293,0.5244576334953308,0.0835908844123284,0.048271077378618625,0.07988818734884262,0.006750176195055246,0.23253776133060455,-0.0010572102485845486,5.9250456141191106e-05,-0.0010749677894636989,-0.0011232391698285937,-0.0008276084554381669,0.27528804998596507,0.17754103620349004,0.2252510040998459,0.02834661677479744,0.744193971157074,0.005567578933512171,0.001919144490058298,0.0052685244008898735,0.0023025984410196543,0.01217048242688179,nan,nan,nan,nan,nan,nan,nan,nan,nan,nan,2.3260813,1.3914813,1.950834,0.29195926,7.8691926,1.0572101990381877,0.05925045330378827,1.0749677419662476,0.8276084065437317,1.1232391595840454,2.8953877398173016,0.16247634698526844,2.9455525875091553,2.2888591289520264,3.074881076812744
42,19185,1624,2233.507439136505,130000,503,4875,42.98872610330735,1.6120772288740257,3.0,3.0,191.85,48.896293315546934,184.0,124,346,1.48,1.17881296226331,1.0,0.0,5.0,1.48,1.17881296226331,1.0,0,5,0.5002127261112342,0.38026595739823166,0.42773956845627414,0.0,1.6196053284482885,0.0067705903,0.004222321,0.0062696543,0.0,0.01650165,1.48,1.17881296226331,1.0,0.0,5.0,0.5454805399179459,0.2480281983232621,0.5509649515151978,0.11434154212474823,1.2315927743911743,0.029349813,0.00953252,0.027909297,0.0061138473,0.056702934,0.5354982261657715,0.20330183594886259,0.5448800921440125,0.16315396130084991,1.0552144050598145,0.009982296638190747,0.10779675085905183,0.013117680326104164,-0.31338831782341003,0.3209761679172516,0.3546616637346645,0.2560223595915978,0.33942773938179016,-0.07006905972957611,1.3389619588851929,0.02892171273380518,0.16736139056151678,-0.006405482534319162,-0.3209761381149292,0.7051167488098145,0.05382335122985144,0.05091707384871288,0.042819589376449585,0.0018257958581671119,0.30417102575302124,-0.0010223992314810555,7.982291772377513e-05,-0.0010609778109937906,-0.0011110190534964204,-0.0008043067646212876,0.26873495702942213,0.13482194578586443,0.2511723041534424,0.04585157334804535,0.6508612036705017,0.004204041594018539,0.0016086256407046328,0.004096342716366053,0.0010177105432376266,0.008311173878610134,nan,nan,nan,nan,nan,nan,nan,nan,nan,nan,2.1103241,1.6739419,1.6811048,0.19473986,13.825495,1.0223991839090982,0.079822914963048,1.060977816581726,0.8043067455291748,1.1110190153121948,2.8032904046376546,0.2136126683679879,2.9094629287719727,2.2459471225738525,3.037541627883911
40,19857,1749,2515.7407240867615,140000,543,5250,35.43168199230116,1.3286880747112935,3.0,3.0,198.57,53.83646626590567,184.0,124,346,1.52,1.2998461447417538,1.0,0.0,5.0,1.52,1.2998461447417538,1.0,0,5,0.5061215485583882,0.42528627632388977,0.4199474613259148,0.0,1.6196053284482885,0.006616243,0.0044035385,0.006134969,0.0,0.01650165,1.52,1.2998461447417538,1.0,0.0,5.0,0.5198094438314438,0.18668061023783378,0.5142316222190857,0.10966722667217255,0.9824709892272949,0.025411075,0.009315007,0.023984198,0.008043418,0.051360212,0.504272965312004,0.1452550675697236,0.4897099435329437,0.20235104858875275,1.0048034191131592,0.015536477891728281,0.10207175056092233,0.011818001046776772,-0.24917557835578918,0.32590216398239136,0.30445367949455976,0.21748050367892033,0.2598552703857422,-0.12192730605602264,1.0398906469345093,0.014680743241061767,0.14810633659729425,0.015112288296222687,-0.3262082040309906,0.5864940285682678,0.04774956194031984,0.03620527256440895,0.039417777210474014,0.0015992308035492897,0.19006992876529694,-0.0010053028102653722,4.527261717417415e-05,-0.0010207303566858172,-0.0010787551291286945,-0.0008883910486474633,0.23971758841474852,0.13290313691730612,0.21563296020030975,0.04657822847366333,0.7922403216362,0.003311088946337501,0.001265630087821568,0.0030828018207103014,0.0011188366916030645,0.00685090059414506,nan,nan,nan,nan,nan,nan,nan,nan,nan,nan,1.924882,1.2897199,1.5970095,0.28377405,8.544884,1.0053027610778809,0.04527261224104804,1.0207302570343018,0.8883910179138184,1.0787550210952759,2.7476404876708984,0.12292067335302682,2.7947802543640137,2.443296194076538,2.9410650730133057
38,19880,1874,2860.248680830002,150000,581,5625,29.0269057775433,1.0885089666578736,3.0,3.0,198.8,51.19335894430058,185.0,127,332,1.43,1.2349493916756267,1.0,0.0,5.0,1.43,1.2349493916756267,1.0,0,5,0.49658784663175615,0.42504253771047945,0.39667780642202527,0.0,1.615379224457635,0.006211881,0.0044377735,0.00600606,0.0,0.015197569,1.43,1.2349493916756267,1.0,0.0,5.0,0.6018142949342727,0.21141820957691806,0.5703126192092896,0.17043250799179077,1.0610835552215576,0.027595922,0.007856333,0.02785245,0.007745451,0.04789747,0.5710486133098602,0.1480882093608153,0.5668491721153259,0.24104125797748566,0.8795313835144043,0.03076567503903061,0.11268017411713087,0.001580596319399774,-0.225294828414917,0.34781569242477417,0.32120946671813727,0.21076224305285776,0.28674474358558655,-0.14679308235645294,0.9665171504020691,-0.0075396901369094846,0.15239511361535463,0.003498246893286705,-0.41182515025138855,0.43472927808761597,0.05402865655720234,0.0378025623707919,0.045974090695381165,0.0006527767400257289,0.21923618018627167,-0.0010378759878998001,4.325586872920341e-05,-0.001039479160681367,-0.0011099567636847496,-0.0009450477664358914,0.2713923545132081,0.15243147970684076,0.25966572761535645,0.009681733325123787,0.6716126799583435,0.0043660214979512,0.001577198613349496,0.00424411054700613,0.0007086023106239736,0.008165034465491772,nan,nan,nan,nan,nan,nan,nan,nan,nan,nan,2.114695,1.3465135,1.6635898,0.36388746,6.4287934,1.0378759371439616,0.04325586848929972,1.03947913646698,0.9450477361679077,1.1099567413330078,2.839844198226929,0.12399401952662174,2.8415896892547607,2.581388473510742,3.0342280864715576
37,21114,1999,3040.302234649658,160000,618,6000,55.539031515124165,2.082713681817156,3.0,3.0,211.14,57.16957582490883,205.5,129,399,1.54,1.344767637921139,1.0,0.0,6.0,1.54,1.344767637921139,1.0,0,6,0.5171742990947537,0.4280371145474589,0.4855139560533338,0.0,1.615379224457635,0.006217693,0.0046024206,0.00600606,0.0,0.015037594,1.54,1.344767637921139,1.0,0.0,6.0,0.6332263758182526,0.1936476737810933,0.6503285765647888,0.14576637744903564,1.0735591650009155,0.025027558,0.0066678184,0.025005674,0.0113340495,0.044204175,0.6253962562084198,0.1313586097781815,0.6292251944541931,0.3089883029460907,0.9346820712089539,0.007830142751336098,0.10657178076592135,0.008959079161286354,-0.2402629554271698,0.25874146819114685,0.41223248710421223,0.2397528130395804,0.3796301484107971,-0.06414752453565598,1.1287429332733154,0.017322670998672643,0.14860571696644423,-0.002572348341345787,-0.28758183121681213,0.5335212349891663,0.06028539906473209,0.039451009090884635,0.05228409171104431,0.0017494125058874488,0.17969858646392822,-0.001056890181886653,5.922525671790108e-05,-0.0010646985610947013,-0.0011576503748074174,-0.0009260973311029375,0.3318222021261851,0.17793527072014087,0.3028823435306549,0.07024264335632324,0.9134966731071472,0.0038591033378615977,0.0010834291740924632,0.0036865558940917253,0.0013481220230460167,0.007600200828164816,nan,nan,nan,nan,nan,nan,nan,nan,nan,nan,2.2194629,1.612924,1.8879986,0.5654016,15.948006,1.0568901322682698,0.059225256317365166,1.0646984577178955,0.9260972738265991,1.157650351524353,2.8932775077819826,0.16960350382320435,2.9104013442993164,2.538313388824463,3.186018943786621
36,21051,2124,3174.6174569129944,170000,654,6375,74.45172506504264,2.791939689939099,3.0,3.0,210.51,53.28029560728806,207.0,129,399,1.55,1.2519984025548916,1.0,0.0,6.0,1.55,1.2519984025548916,1.0,0,6,0.5303385798076313,0.39377827425398176,0.5678398812004144,0.0,1.4356920162550244,0.006412644,0.004357288,0.006338254,0.0,0.015037594,1.55,1.2519984025548916,1.0,0.0,6.0,0.5330390337705612,0.1639152761107385,0.5258083939552307,0.2117682248353958,1.148072600364685,0.022999853,0.005389059,0.022533622,0.012173446,0.040536243,0.5104269473552704,0.11160021489659169,0.5049299001693726,0.23978328704833984,0.8143051862716675,0.022612091791816055,0.10115124567806177,0.0068717957474291325,-0.1557154357433319,0.4285096228122711,0.4226166906133294,0.21594855513058958,0.39716237783432007,-0.05507023632526398,1.110848307609558,-0.005717644232325256,0.12939100602673165,-0.001867744023911655,-0.4287916123867035,0.2761361300945282,0.04638913151373466,0.03545898399619554,0.0366191528737545,0.006954445503652096,0.1850680112838745,-0.0011272221359734734,2.9065750263021628e-05,-0.0011344269150868058,-0.001174452598206699,-0.0010410677641630173,0.37927810349067054,0.18276411528984624,0.33161887526512146,0.07188000530004501,0.8725261092185974,0.0037943222081909577,0.0011107671095842357,0.0036409941967576742,0.0013657965464517474,0.009168601594865322,nan,nan,nan,nan,nan,nan,nan,nan,nan,nan,1.958525,1.2406734,1.6058556,0.43429115,7.855677,1.1272220811843872,0.02906574918541423,1.1344268321990967,1.0410677194595337,1.174452543258667,3.102108746846517,0.08718266840404479,3.1236047744750977,2.8667123317718506,3.236464500427246
38,21611,2249,3354.132933139801,180000,692,6750,55.70550355984696,2.0889563834942613,3.0,3.0,216.11,59.140154717416834,212.5,130,399,1.7,1.3527749258468682,2.0,0.0,6.0,1.7,1.3527749258468682,2.0,0,6,0.542003681077792,0.39613837335496527,0.5575233873617809,0.0,1.4572491412465316,0.0068080253,0.00442816,0.0075475997,0.0,0.015037594,1.7,1.3527749258468682,2.0,0.0,6.0,0.5066255787611008,0.17539637630232044,0.48675626516342163,0.17223486304283142,0.9443137049674988,0.021103196,0.00675845,0.020174336,0.0061483304,0.0416762,0.49409482479095457,0.12135041385920661,0.48419052362442017,0.2748497426509857,0.7278138399124146,0.012530778922140598,0.09980605539503459,0.0053545087575912476,-0.2618207335472107,0.30001211166381836,0.4175271430624028,0.2416212927975883,0.39132070541381836,-0.0909736156463623,1.2821314334869385,0.010406334632076323,0.13352497843698333,0.0029222634620964527,-0.30110523104667664,0.44225993752479553,0.04381221090660741,0.03255994558393634,0.034103743731975555,0.0013737810077145696,0.15377745032310486,-0.0010849107302104432,4.534054143074211e-05,-0.00108801806345582,-0.0011636530980467796,-0.000972484762314707,0.3613094470202923,0.178082860242202,0.31922969222068787,0.051719505339860916,0.7528837323188782,0.003084060505963862,0.0010610222428717759,0.00297030177898705,0.0007531993906013668,0.0063682906329631805,nan,nan,nan,nan,nan,nan,nan,nan,nan,nan,1.8212097,1.1131651,1.4935058,0.2952752,7.4145947,1.084910680770874,0.04534053994748781,1.0880180597305298,0.9724847078323364,1.163653016090393,2.97272537167867,0.13320763722858397,2.971585750579834,2.6694095134735107,3.2016091346740723
38,21233,2374,3598.953776359558,190000,730,7125,40.84619539939971,1.5317323274774892,3.0,3.0,212.33,56.99632532014674,209.0,130,353,1.68,1.3029197979921863,2.0,0.0,5.0,1.68,1.3029197979921863,2.0,0,5,0.5438360445085249,0.40722066962716863,0.5309055429551132,0.0,1.6694663130430527,0.0068925256,0.0044164336,0.0077085313,0.0,0.016447369,1.68,1.3029197979921863,2.0,0.0,5.0,0.5147773847579956,0.22859630082882124,0.5044705867767334,0.08622714877128601,1.0563931465148926,0.024106355,0.008510127,0.023331583,0.0075142905,0.06619348,0.49757537579536437,0.18779509105647296,0.48805132508277893,0.17258790135383606,0.9331068992614746,0.01720204243436456,0.10515914713557552,0.012406861409544945,-0.26868709921836853,0.3630158007144928,0.3449797553292786,0.23730128171921996,0.3076974153518677,-0.17667832970619202,1.2324671745300293,0.014570828895705441,0.16063483695117833,-0.0008442595135420561,-0.37551894783973694,0.641967236995697,0.048159360903625686,0.04466514225716105,0.03579053282737732,0.0015370948240160942,0.21827825903892517,-0.0011069935982426008,3.683793902499164e-05,-0.0011171397054567933,-0.0011587495682761073,-0.0009861738653853536,0.2800382019877434,0.13257844013757866,0.26248207688331604,0.05372865870594978,0.7504598498344421,0.003318355686341723,0.0011961041756321702,0.003129614284262061,0.0009132475825026631,0.007176199462264776,nan,nan,nan,nan,nan,nan,nan,nan,nan,nan,2.0326657,1.5212158,1.5468254,0.3927687,9.427153,1.1069935453732809,0.03683793889934646,1.1171396970748901,0.9861738085746765,1.1587494611740112,3.036214449564616,0.10930299729029182,3.0639700889587402,2.6870100498199463,3.1860060691833496
38,20887,2499,3809.312579393387,200000,768,7500,47.53782516242905,1.7826684435910893,3.0,3.0,208.87,58.202517986767546,209.0,121,402,1.62,1.2944496900227525,2.0,0.0,6.0,1.62,1.2944496900227525,2.0,0,6,0.5096288403666682,0.38548940768097206,0.5074358175183175,0.0,1.6694663130430527,0.0067276265,0.0043289303,0.0075475997,0.0,0.016447369,1.62,1.2944496900227525,2.0,0.0,6.0,0.5263185542225838,0.18747578208988994,0.5132860541343689,0.07976503670215607,1.0521743297576904,0.025954226,0.010444568,0.02335523,0.0074617243,0.05271249,0.5043857454061508,0.13888870247118396,0.5018089413642883,0.23571009933948517,0.8369705080986023,0.02193279974721372,0.10185603533939844,0.016285041347146034,-0.30756741762161255,0.3618459105491638,0.4500339396906396,0.253346773181854,0.4191257357597351,-0.05587008595466614,1.4303698539733887,0.007978379240259528,0.15076526625912998,-0.005504003260284662,-0.3618459105491638,0.6425869464874268,0.04758451419199507,0.03733304198772267,0.03931625187397003,0.0005440000677481294,0.21123448014259338,-0.0010872208365860084,4.881958733571598e-05,-0.0010978308273479342,-0.0011563475709408522,-0.000970210530795157,0.3924609196682771,0.17003323899255532,0.37458425760269165,0.04920349642634392,0.7454103231430054,0.003097347231271366,0.0009527847625211527,0.0029227659106254578,0.00126198201905936,0.006387921515852213,nan,nan,nan,nan,nan,nan,nan,nan,nan,nan,1.9296204,1.4115298,1.4795393,0.38927504,9.051933,1.0872207851409912,0.04881958292715057,1.0978307723999023,0.9702104926109314,1.1563475131988525,2.9803601093292236,0.14250941433503586,3.006650924682617,2.654526472091675,3.1783766746520996
34,21397,2624,3962.6017956733704,210000,802,7875,65.23616104693855,2.4463560392601957,3.0,3.0,213.97,57.66896132236126,212.0,121,402,1.83,1.3270644294833616,2.0,0.0,6.0,1.83,1.3270644294833616,2.0,0,6,0.594809911433624,0.40005344200688586,0.5415442937740809,0.0,1.8952668333412814,0.007576157,0.004172201,0.008247457,0.0,0.016447369,1.83,1.3270644294833616,2.0,0.0,6.0,0.592792382478714,0.18192330754614597,0.5915175080299377,0.24041524529457092,1.140445590019226,0.021409607,0.007395899,0.020790067,0.005787385,0.042501166,0.5749842879772187,0.12358257177384124,0.5658308267593384,0.3313063681125641,0.8646718263626099,0.01780812101624906,0.10906011648097459,0.006705429404973984,-0.21287210285663605,0.39393991231918335,0.4986404365276297,0.25483213351593764,0.4955342710018158,-0.07797499746084213,1.1501007080078125,0.002452458457594427,0.14001681228005655,0.0006224059616215527,-0.39393991231918335,0.3098300099372864,0.05517875548141698,0.03434714152663446,0.04995765909552574,0.002179013332352042,0.1590389907360077,-0.0010359074243654807,4.8126341814856116e-05,-0.0010460475459694862,-0.0011202212190255523,-0.0009166006348095834,0.4388699009815852,0.20890961793517754,0.4257224202156067,0.05855600908398628,0.8775534629821777,0.0031752282269299032,0.0013522957308293375,0.0030295781325548887,0.0005882738623768091,0.007747928146272898,nan,nan,nan,nan,nan,nan,nan,nan,nan,nan,1.8900371,1.0660641,1.5837809,0.347842,5.4901214,1.035907373746236,0.04812633972477186,1.0460474491119385,0.9166005849838257,1.1202211380004883,2.8295467332204183,0.13218154481366837,2.856924057006836,2.5062828063964844,3.0655441284179688
39,22094,2749,4264.889518976212,220000,841,8250,33.08106558459766,1.2405399594224122,3.0,3.0,220.94,58.31686205549815,221.0,131,373,1.89,1.3333791658789336,2.0,0.0,5.0,1.89,1.3333791658789336,2.0,0,5,0.5938079619500821,0.40744458845565357,0.5150996946149189,0.0,1.8952668333412814,0.0075946986,0.0040901983,0.008213587,0.0,0.015923567,1.89,1.3333791658789336,2.0,0.0,5.0,0.4987582916021347,0.182556106491663,0.4738665223121643,0.13973167538642883,1.0233714580535889,0.020649,0.006709012,0.020076264,0.009047828,0.040970393,0.486091129899025,0.13206554754579483,0.46764785051345825,0.23143596947193146,0.8437846899032593,0.012667162511963398,0.10396129472899988,0.0016256954986602068,-0.2441921979188919,0.32838350534439087,0.3471252639312297,0.2354116237178135,0.31926414370536804,-0.022526873275637627,0.995941162109375,0.009820054835203337,0.13956285958477438,0.00922763254493475,-0.32838350534439087,0.45510560274124146,0.04324734958106031,0.03362850085471152,0.032025888562202454,0.0011823467211797833,0.12911121547222137,-0.0010894871496905884,3.750590979397438e-05,-0.0011004058178514242,-0.0011496501974761486,-0.000993790803477168,0.29202507286270457,0.16071091482051497,0.2660674750804901,0.05977867171168327,0.800715446472168,0.003122273459720115,0.0007864084275878937,0.003019822295755148,0.0014078720705583692,0.005030037369579077,nan,nan,nan,nan,nan,nan,nan,nan,nan,nan,1.7811136,1.2083664,1.5014225,0.3881721,6.9766173,1.0894870999654134,0.037505907560966105,1.1004058122634888,0.9937908053398132,1.1496500968933105,2.9794909102121987,0.11122823983541483,3.0107359886169434,2.7039456367492676,3.158008575439453
35,22037,2874,4400.479284763336,230000,876,8625,73.75187900021864,2.765695462508199,3.0,3.0,220.37,58.57228952328908,212.5,131,373,1.92,1.4119490075778232,2.0,0.0,6.0,1.92,1.4119490075778232,2.0,0,6,0.6276977348654266,0.4190551183055717,0.6527813040440912,0.0,1.8952668333412814,0.007698106,0.004327933,0.008180814,0.0,0.016528925,1.92,1.4119490075778232,2.0,0.0,6.0,0.5841612159609795,0.1958045329251971,0.594715416431427,0.10686544328927994,1.0280849933624268,0.022326823,0.008969621,0.020961206,0.007244815,0.061683506,0.5721086971759796,0.1383950646294895,0.5751074552536011,0.23949626088142395,0.9133850932121277,0.012052508719963953,0.10302310581890285,0.01366821862757206,-0.1961486041545868,0.3173251748085022,0.3520783185909192,0.26628638162214885,0.26983076333999634,-0.1283881962299347,1.240330696105957,0.012023581817998395,0.14324676004568257,-0.00502724340185523,-0.3546620309352875,0.4693462550640106,0.05301831203730156,0.03679629635124844,0.050959132611751556,0.0010401119943708181,0.21285556256771088,-0.0010725619392469524,2.7994151344519504e-05,-0.001077143824659288,-0.0011211002711206675,-0.0009918117430061102,0.28478401467204095,0.19811990829340884,0.21546240150928497,0.03219658136367798,0.8534002304077148,0.0033249738596690197,0.0016002287574368049,0.003077822970226407,0.0008015659986995161,0.015256366692483425,nan,nan,nan,nan,nan,nan,nan,nan,nan,nan,1.9478711,1.5587914,1.5236114,0.22247167,14.880149,1.0725618863105775,0.02799414802183744,1.0771437883377075,0.9918116927146912,1.1211001873016357,2.9289472421010334,0.08167924272974626,2.943420171737671,2.697312355041504,3.0682456493377686
43,20070,2999,4648.57257771492,240000,919,9000,40.30741775011035,1.5115281656291384,3.0,3.0,200.7,55.34500880838308,182.5,123,373,1.61,1.2798046725965644,1.0,0.0,6.0,1.61,1.2798046725965644,1.0,0,6,0.5457003492612099,0.39715431618098085,0.5058168931011653,0.0,1.4717744208846824,0.007061824,0.004158316,0.0063903634,0.0,0.016528925,1.61,1.2798046725965644,1.0,0.0,6.0,0.4431624782085419,0.19804080388996484,0.43383345007896423,0.03321005776524544,1.1117758750915527,0.018914802,0.008826485,0.016630763,0.0070854337,0.061797272,0.4211435823440552,0.14815125503408147,0.4067811071872711,0.14314600825309753,1.0369943380355835,0.02201889782352373,0.09214925959638827,0.006299003027379513,-0.175250843167305,0.28304556012153625,0.3205826561426123,0.2230452976205491,0.26635804772377014,-0.09879864007234573,1.3080852031707764,0.0004567614623034994,0.15114117380110115,-0.0021396928932517767,-0.3110218942165375,0.7216117978096008,0.045743284346691025,0.046542031618225475,0.029126331210136414,0.0007180452812463045,0.2805176377296448,-0.0010704935036289194,4.6571361745021957e-05,-0.001071651466190815,-0.0011382348602637649,-0.0009449849603697658,0.271912769690156,0.1296348061977664,0.2506640553474426,0.023073706775903702,0.7633563876152039,0.003540333442389965,0.0015852281013877497,0.0031251199543476105,0.0010818511946126819,0.011304005980491638,nan,nan,nan,nan,nan,nan,nan,nan,nan,nan,2.048709,1.7050691,1.628308,0.36957762,11.701476,1.0704934514363607,0.04657135917212704,1.0716514587402344,0.9449849128723145,1.1382348537445068,2.921994234085083,0.1351221874146378,2.9214868545532227,2.5736117362976074,3.1212656497955322
40,18405,3124,4874.71569943428,250000,959,9375,44.219784019828936,1.658241900743585,3.0,3.0,184.05,47.464170697485066,173.5,121,330,1.41,1.1053958566956905,1.0,0.0,4.0,1.41,1.1053958566956905,1.0,0,4,0.4876931060821328,0.3791842283846387,0.46225201880765693,0.0,1.337297226706454,0.00669644,0.0043395446,0.0064937803,0.0,0.015444015,1.41,1.1053958566956905,1.0,0.0,4.0,0.5735749498307705,0.24811458135078943,0.5745609998703003,0.05204607918858528,1.3149776458740234,0.0212017,0.008011594,0.019049874,0.007898964,0.046446316,0.5637323331832885,0.18678047819326746,0.5614897012710571,0.15725530683994293,1.0398794412612915,0.009842614882538328,0.1141976176721391,0.008823607116937637,-0.266501784324646,0.32576507329940796,0.3590260611921549,0.28161366822124134,0.29755130410194397,-0.11684515327215195,1.6357183456420898,0.02771661916747689,0.1866366469514869,0.003131171688437462,-0.3272567689418793,0.683806836605072,0.06146015684586018,0.05471518375863816,0.04518774896860123,0.0009734589839354157,0.29081404209136963,-0.0008340033738253017,0.00019490511128585558,-0.0008322769426740706,-0.001137275481596589,-0.0004960285732522607,0.2667164328377694,0.1744328492683561,0.2611527740955353,0.002528073266148567,0.7457939982414246,0.003966856158959369,0.0016744825321171036,0.003715597791597247,0.0013557395432144403,0.014047238044440746,nan,nan,nan,nan,nan,nan,nan,nan,nan,nan,2.5288165,2.6704803,1.9093236,0.37442017,33.003513,0.8340033336480459,0.1949051031530787,0.8322768807411194,0.4960285425186157,1.1372754573822021,2.3491377051671347,0.45508425626189003,2.301368474960327,1.6488189697265625,3.118666172027588
41,18025,3249,5114.114304304123,260000,1000,9750,41.77133782979584,1.566425168617344,3.0,3.0,180.25,45.64501615729805,173.0,121,295,1.33,1.1229870880824944,1.0,0.0,4.0,1.33,1.1229870880824944,1.0,0,4,0.462853600542877,0.37808645371550453,0.4818960221256686,0.0,1.3238594780980522,0.0063275713,0.0045666182,0.0063898414,0.0,0.015444015,1.33,1.1229870880824944,1.0,0.0,4.0,0.43203674054145813,0.15023787717364756,0.4363230764865875,0.0682382807135582,0.7683039903640747,0.016986465,0.0039036989,0.01656538,0.008188946,0.029960383,0.4250082391500473,0.11498121021348465,0.44092220067977905,0.14413951337337494,0.7248956561088562,0.007028494668775238,0.08831075315589057,0.0005383648676797748,-0.20372295379638672,0.20264919102191925,0.33564928016066553,0.1931761272451344,0.33381426334381104,-0.06921419501304626,0.8607895374298096,0.011912737446526687,0.12883751432652313,0.004539049230515957,-0.31536245346069336,0.369088739156723,0.040223772183681526,0.03127732847374685,0.031408634036779404,0.0015903620515018702,0.1756543666124344,-0.0010784719358198345,8.390297961359185e-05,-0.0011143457377329469,-0.0011361907236278057,-0.0007847559172660112,0.28155069090425966,0.13468055554555772,0.25976675748825073,0.017752444371581078,0.6449223160743713,0.0030405503065946203,0.0009280633822653462,0.0029251715168356895,0.0007537099882028997,0.006328933872282505,nan,nan,nan,nan,nan,nan,nan,nan,nan,nan,1.8729167,1.1406795,1.5572464,0.37277886,8.488283,1.0784718853632609,0.08390297587006552,1.114345669746399,0.7847558856010437,1.13619065284729,2.9505941435496013,0.22665334343581398,3.0490970611572266,2.191997528076172,3.1148812770843506
41,18310,3374,5300.2028477191925,270000,1041,10125,53.73785949678293,2.01516973112936,3.0,3.0,183.1,44.179067441493146,178.0,123,295,1.25,1.0988630487917956,1.0,0.0,4.0,1.25,1.0988630487917956,1.0,0,4,0.44997650539015477,0.38324293992926073,0.4332707150890053,0.0,1.3238594780980522,0.0058418848,0.004484839,0.005988883,0.0,0.014981274,1.25,1.0988630487917956,1.0,0.0,4.0,0.4175201228260994,0.1621449703917878,0.43126291036605835,0.08814767748117447,0.7670935988426208,0.017113695,0.004997708,0.016540334,0.007496106,0.032985397,0.4034231978058815,0.1223514169310931,0.403930127620697,0.1048569455742836,0.7911508679389954,0.014096911405213177,0.08517564036525854,0.012042762711644173,-0.17371432483196259,0.24907660484313965,0.40950882440867525,0.27504575697163325,0.35906994342803955,-0.08164888620376587,1.1863337755203247,0.0027887077884127696,0.12534972855430532,-0.010286220349371433,-0.30013594031333923,0.39715173840522766,0.0377133647990413,0.03195447049389396,0.022544657811522484,0.0007193174678832293,0.13715705275535583,-0.0010808360058193406,3.599942527573487e-05,-0.0010781873716041446,-0.001155607751570642,-0.0010035592131316662,0.36697549518942835,0.22790183409301978,0.3164161145687103,0.029490027576684952,1.0512531995773315,0.00311209194889913,0.0009270014409643221,0.0030071919318288565,0.0014311744598671794,0.005823237355798483,nan,nan,nan,nan,nan,nan,nan,nan,nan,nan,1.7876364,1.1275035,1.4034663,0.3499646,5.611947,1.0808359559377034,0.03599942373146459,1.078187346458435,1.0035591125488281,1.1556077003479004,2.950264923095703,0.10650444871564844,2.9404983520507812,2.7286195755004883,3.17600679397583
